http://pi.lib.uchicago.edu/1001/org/ochre/e9e8466b-8830-46c8-aec5-2eef3cda4dc3,A12_21502JPG
http://pi.lib.uchicago.edu/1001/org/ochre/69cad4b8-9386-46c1-a102-76c5fc31d9ec,A12_21531.JPG
http://pi.lib.uchicago.edu/1001/org/ochre/8dc79221-59ff-4d2d-91f3-68e581a2094e,A12_21630.JPG
http://pi.lib.uchicago.edu/1001/org/ochre/c164848b-7de3-4ec3-958a-35332124463d,A12_21971.JPG
http://pi.lib.uchicago.edu/1001/org/ochre/c450fa57-2139-48e4-b223-71986aeea360,A12_22166.JPG
http://pi.lib.uchicago.edu/1001/org/ochre/ab26eea7-7314-4dd0-a4b1-ae972e910d18,A12_22167.JPG
http://pi.lib.uchicago.edu/1001/org/ochre/d632ca40-36de-4697-ba19-394a7f5b8eb6,A12_22165.JPG
http://pi.lib.uchicago.edu/1001/org/ochre/c450fa57-2139-48e4-b223-71986aeea360,A12_22166.JPG
http://pi.lib.uchicago.edu/1001/org/ochre/1cdb8041-ff5b-4faa-bc08-661751ca1f13,A12_22000.JPG
http://pi.lib.uchicago.edu/1001/org/ochre/6c8fc010-b06e-482d-98bf-853be7444334,A12_22468.JPG
http://pi.lib.uchicago.edu/1001/org/ochre/7b11fac3-6458-4434-8c37-4610b37f50de,A12_2247508.JPG
http://pi.lib.uchicago.edu/1001/org/ochre/8a877b7c-904b-43af-a738-041e04709316,A12_22489.JPG
http://pi.lib.uchicago.edu/1001/org/ochre/fcf1df5d-b725-43af-8e3a-686bce773fd2,A12_22490.JPG
http://pi.lib.uchicago.edu/1001/org/ochre/8c1f5db6-4e1e-41a9-9fce-1712b954e8f0,A12_22491.JPG
http://pi.lib.uchicago.edu/1001/org/ochre/a75352bc-34ba-439f-829c-a533f703a03e,A12_22492.JPG
http://pi.lib.uchicago.edu/1001/org/ochre/f01e93fb-b43a-4b32-9e72-fc857cff3996,A12_22493.JPG
http://pi.lib.uchicago.edu/1001/org/ochre/9438bfae-b1b9-4738-9b29-d0f406fee4f7,A12_22495.JPG
http://pi.lib.uchicago.edu/1001/org/ochre/2687dd23-1160-4148-a3dc-e517d54562a1,A12_22496.JPG
http://pi.lib.uchicago.edu/1001/org/ochre/0363f0c8-7041-4c50-8b95-a756b695513c,A12_22497.JPG
http://pi.lib.uchicago.edu/1001/org/ochre/b026c090-4035-46d9-ad48-30acffe30de1,A12_22498.JPG
http://pi.lib.uchicago.edu/1001/org/ochre/25148ff6-e740-40c2-9b06-c5adb0befee1,A12_22499.JPG
http://pi.lib.uchicago.edu/1001/org/ochre/fac699f3-d7b8-4da2-88fa-2a5a5a281c39,A12_22500.JPG
http://pi.lib.uchicago.edu/1001/org/ochre/98b461bb-4a30-4bb5-8220-4c68a3072d3d,A12_22501.JPG
http://pi.lib.uchicago.edu/1001/org/ochre/07b38957-7a43-42a4-9d2d-e633d27e0fcb,A12_22502.JPG
http://pi.lib.uchicago.edu/1001/org/ochre/b32194c2-e697-4cde-9836-56136ceaf4d1,A12_22503.JPG
http://pi.lib.uchicago.edu/1001/org/ochre/27a3dfe0-6969-4179-b91d-0d030edfc677,A12_22504.JPG
http://pi.lib.uchicago.edu/1001/org/ochre/c36c8d3d-8653-4004-8e3a-bdea11160412,A12_22505.JPG
http://pi.lib.uchicago.edu/1001/org/ochre/f0bada04-6da3-4566-9b84-dd18fb7ef8f9,A12_22506.JPG
http://pi.lib.uchicago.edu/1001/org/ochre/8e039f52-cca0-48be-935f-5c076e3dbbd8,A12_22507.JPG
http://pi.lib.uchicago.edu/1001/org/ochre/ad1f791b-b2f7-4c65-b6cb-822d7849f5a4,A12_22508.JPG
http://pi.lib.uchicago.edu/1001/org/ochre/ea825f67-939a-48ba-b868-e8743ab2ca49,A12_22509.JPG
http://pi.lib.uchicago.edu/1001/org/ochre/203301be-1e75-4199-8422-68716a0c2a6b,A12_22510.JPG
http://pi.lib.uchicago.edu/1001/org/ochre/d042af23-61e7-4192-af6e-5a093e37d347,A12_22511.JPG
http://pi.lib.uchicago.edu/1001/org/ochre/83bd06f6-c7e3-4004-9d6d-8000bf94e879,A12_22512.JPG
http://pi.lib.uchicago.edu/1001/org/ochre/e80a9e14-68b9-46b0-bec8-74a47a5c7b63,A12_22513.JPG
http://pi.lib.uchicago.edu/1001/org/ochre/03a70933-df0f-43c7-9cdc-9c1944005cda,A12_22514.JPG
http://pi.lib.uchicago.edu/1001/org/ochre/0a6cdafb-8354-4618-8a87-3c42d56c335b,A12_22515.JPG
http://pi.lib.uchicago.edu/1001/org/ochre/e738260d-af68-4d90-b90e-073f6995a10b,A12_22516.JPG
http://pi.lib.uchicago.edu/1001/org/ochre/b85f31cf-fbe3-479d-8d65-39b9a91bad5d,A12_22517.JPG
http://pi.lib.uchicago.edu/1001/org/ochre/e95e7d9d-bdb3-4e22-bd37-d476744f25a2,A12_22518.JPG
http://pi.lib.uchicago.edu/1001/org/ochre/b248d734-40ef-4c74-a186-f3c42170fa11,A12_22519.JPG
http://pi.lib.uchicago.edu/1001/org/ochre/5e522bb9-61da-4538-9893-986ad5e5f3e9,A12_22520.JPG
http://pi.lib.uchicago.edu/1001/org/ochre/40c6e5d5-6406-46b1-9b47-ecc1c6f34fbb,A12_22521.JPG
http://pi.lib.uchicago.edu/1001/org/ochre/4e03085f-3a7d-4c8c-85fd-3c97be8d2305,A12_22522.JPG
http://pi.lib.uchicago.edu/1001/org/ochre/9eb63f8f-1371-4301-aad3-9144275830b8,A12_22523.JPG
http://pi.lib.uchicago.edu/1001/org/ochre/b87a3c98-56c0-4144-b0d5-d0d047619702,A12_22524.JPG
http://pi.lib.uchicago.edu/1001/org/ochre/67ccca17-e1c2-4cd1-880e-ef0954bd10dd,A12_22525.JPG
http://pi.lib.uchicago.edu/1001/org/ochre/a0c8a1fe-1de3-46ca-967e-e19ee4a2864b,A12_22526.JPG
http://pi.lib.uchicago.edu/1001/org/ochre/2082f425-dc82-4303-8a38-787a30b75ec5,A12_22527.JPG
http://pi.lib.uchicago.edu/1001/org/ochre/6b5f1f36-20f7-4222-a3aa-4d94f4229b76,A12_22528.JPG
http://pi.lib.uchicago.edu/1001/org/ochre/1439aa66-e112-42f2-8af6-6ee2377c17c3,A12_22529.JPG
http://pi.lib.uchicago.edu/1001/org/ochre/cee96efb-4191-41ed-a076-6feb3359ad6d,A12_22530.JPG
http://pi.lib.uchicago.edu/1001/org/ochre/cca093f4-0ba7-4373-a358-0a8a75c4e56c,A12_22531.JPG
http://pi.lib.uchicago.edu/1001/org/ochre/af4ff158-f599-4ce1-bbb8-0010e000a37e,A12_22532.JPG
http://pi.lib.uchicago.edu/1001/org/ochre/baed37ff-2703-4ebe-93bf-31bc69d2c003,A12_22533.JPG
http://pi.lib.uchicago.edu/1001/org/ochre/1e4d9bf3-9ba7-4f4a-a01f-4249fd45223f,A12_22534.JPG
http://pi.lib.uchicago.edu/1001/org/ochre/640f27c2-38db-4e51-a7b3-600cd7430a9d,A12_22535.JPG
http://pi.lib.uchicago.edu/1001/org/ochre/b221505a-353e-4a8b-9454-e7b17acd9e0f,A12_22536.JPG
http://pi.lib.uchicago.edu/1001/org/ochre/dcce59a7-d3ad-4288-912c-f0a212fdbcd7,A12_22537.JPG
http://pi.lib.uchicago.edu/1001/org/ochre/0338ad31-c8b7-4784-8bbf-057bddca4ce7,A12_22538.JPG
http://pi.lib.uchicago.edu/1001/org/ochre/284ab99a-a3a5-47d0-8cfb-027587e59120,A12_22539.JPG
http://pi.lib.uchicago.edu/1001/org/ochre/7d2a5e87-efd3-4a80-9100-3dfb9267f25f,A12_22540.JPG
http://pi.lib.uchicago.edu/1001/org/ochre/3c9fe5a4-bb08-4677-bfde-b292b8b7355d,A12_22541.JPG
http://pi.lib.uchicago.edu/1001/org/ochre/21e536cb-3c1b-46a8-b7a2-44af4ddb8c08,A12_22542.JPG
http://pi.lib.uchicago.edu/1001/org/ochre/a9c35eb9-4ba4-42e6-91ea-1ffe9f9c2266,A12_22543.JPG
http://pi.lib.uchicago.edu/1001/org/ochre/a1f53c40-1645-4378-9dc3-e17475757760,A12_22544.JPG
http://pi.lib.uchicago.edu/1001/org/ochre/838be2c5-3fdd-41d1-b537-39ab0905f520,A12_22545.JPG
http://pi.lib.uchicago.edu/1001/org/ochre/9f723d03-b818-425e-8d41-3694bf55b426,A12_22546.JPG
http://pi.lib.uchicago.edu/1001/org/ochre/03b74e1f-d4d1-4366-ad1d-4f4db700f09e,A12_22547.JPG
http://pi.lib.uchicago.edu/1001/org/ochre/865ad30d-dcd7-412d-98df-bebbca1b720e,A12_22548.JPG
http://pi.lib.uchicago.edu/1001/org/ochre/da46a6e6-e203-42db-8da9-9113142fb48a,A12_22549.JPG
http://pi.lib.uchicago.edu/1001/org/ochre/a7917c54-cbde-441e-ad7d-3a6a6ace919a,A12_22550.JPG
http://pi.lib.uchicago.edu/1001/org/ochre/0056b7cb-88c5-4740-93a4-4b35ecc7896f,A12_22551.JPG
http://pi.lib.uchicago.edu/1001/org/ochre/450a6b4d-9fe8-4661-b057-98db590a078d,A12_22552.JPG
http://pi.lib.uchicago.edu/1001/org/ochre/e2fcc15f-1ba1-443c-843e-1c9631c7fdc0,A12_22553.JPG
http://pi.lib.uchicago.edu/1001/org/ochre/3ce5cd0d-a34a-4614-95f2-4269873e18ff,A12_22554.JPG
http://pi.lib.uchicago.edu/1001/org/ochre/4b39098a-70f8-4d58-bb01-66c056b444c6,A12_22555.JPG
http://pi.lib.uchicago.edu/1001/org/ochre/678ecbd2-bdd5-4a19-bebb-9c2becf8bcdd,A12_22556.JPG
http://pi.lib.uchicago.edu/1001/org/ochre/7ebd7674-b3d1-4d09-8ae2-dc09334e3c5e,A12_22557.JPG
http://pi.lib.uchicago.edu/1001/org/ochre/4ccc4ad8-9775-41da-b306-50df115b5ad4,A12_22558.JPG
http://pi.lib.uchicago.edu/1001/org/ochre/0c67530c-7dd3-4ca5-9edb-d0074108b3ac,A12_22559.JPG
http://pi.lib.uchicago.edu/1001/org/ochre/ea3fc612-6a11-47da-acf6-51475b6f0e95,A12_22560.JPG
http://pi.lib.uchicago.edu/1001/org/ochre/5ee032a5-e056-420a-bce8-70970c46f095,A12_22561.JPG
http://pi.lib.uchicago.edu/1001/org/ochre/43d6c133-4066-4102-a151-38598991e01f,A12_22562.JPG
http://pi.lib.uchicago.edu/1001/org/ochre/e88a6435-148a-4c7f-ab78-880af032e332,A12_22563.JPG
http://pi.lib.uchicago.edu/1001/org/ochre/8c7dc800-00bc-47f7-b9b7-acc612254924,A12_22564.JPG
http://pi.lib.uchicago.edu/1001/org/ochre/78709f18-0a57-41e4-aad1-302203ac2e61,A12_22565.JPG
http://pi.lib.uchicago.edu/1001/org/ochre/02743359-20ce-4cd8-8ab2-9137ee6d1f0a,A12_22566.JPG
http://pi.lib.uchicago.edu/1001/org/ochre/0c2669e2-446e-49a0-95a3-6f54c80cdb90,A12_22567.JPG
http://pi.lib.uchicago.edu/1001/org/ochre/1f4ec9bf-80b0-4144-a9f2-80eb9f6bdbc8,A12_22568.JPG
http://pi.lib.uchicago.edu/1001/org/ochre/2cb46332-286b-4e90-99cb-2c2097b78837,A12_22569.JPG
http://pi.lib.uchicago.edu/1001/org/ochre/0f3aad31-ec74-4787-bee6-232431d7bac2,A12_22570.JPG
http://pi.lib.uchicago.edu/1001/org/ochre/c4b7347a-b79f-44a9-a48b-30c7c36a2d14,A12_22571.JPG
http://pi.lib.uchicago.edu/1001/org/ochre/95915d6d-d17f-4e5b-8e48-f43fb9bb325e,A12_22572.JPG
http://pi.lib.uchicago.edu/1001/org/ochre/ce71c7a3-7108-4161-82b1-66b7d535b4ff,A12_22573.JPG
http://pi.lib.uchicago.edu/1001/org/ochre/2801913d-fb56-4798-83c5-1216c01d170e,A12_22574.JPG
http://pi.lib.uchicago.edu/1001/org/ochre/46307921-b45a-4cf6-b186-d9839f87db03,A12_22575.JPG
http://pi.lib.uchicago.edu/1001/org/ochre/708c3050-5ab9-4afc-83f4-1cb0132f1d40,A12_22576.JPG
http://pi.lib.uchicago.edu/1001/org/ochre/d9d81e8d-3191-4e35-a32c-f558fa0d4850,A12_22577.JPG
http://pi.lib.uchicago.edu/1001/org/ochre/c69972bd-b5f5-4533-843f-af4733a16eb7,A12_22578.JPG
http://pi.lib.uchicago.edu/1001/org/ochre/c513936b-a704-4215-ae59-97bd673fd02c,A12_22579.JPG
http://pi.lib.uchicago.edu/1001/org/ochre/8944814a-5f2b-4353-a339-d583ca177126,A12_22580.JPG
http://pi.lib.uchicago.edu/1001/org/ochre/c5866c72-fccc-4d7c-af92-50f40643326c,A12_22581.JPG
http://pi.lib.uchicago.edu/1001/org/ochre/21779343-25d8-4e80-aef8-aed57985eb6e,A12_22582.JPG
http://pi.lib.uchicago.edu/1001/org/ochre/9193a94d-62f1-47c8-8501-85996aa998fa,A12_22583.JPG
http://pi.lib.uchicago.edu/1001/org/ochre/3fbf2bec-3c9a-415a-8291-dc829c1c1632,A12_22584.JPG
http://pi.lib.uchicago.edu/1001/org/ochre/910ca2ec-d3a6-4e3c-b5bf-b27dc732cbf3,A12_22585.JPG
http://pi.lib.uchicago.edu/1001/org/ochre/76c8a667-0639-4b7d-b2b8-e16802f6e7d3,A12_22586.JPG
http://pi.lib.uchicago.edu/1001/org/ochre/2a1af344-598d-478f-9c4d-aae9d233589b,A12_22587.JPG
http://pi.lib.uchicago.edu/1001/org/ochre/f8ec661b-0dd2-40f6-a668-8dc579a00ac7,A12_22588.JPG
http://pi.lib.uchicago.edu/1001/org/ochre/79b84154-523b-4ee7-b750-e5706ac1430e,A12_22589.JPG
http://pi.lib.uchicago.edu/1001/org/ochre/fb0fb2db-751e-4fa3-b669-74b28638e3bf,A12_22590.JPG
http://pi.lib.uchicago.edu/1001/org/ochre/239b80db-ee68-4442-a077-f99969100c9b,A12_22591.JPG
http://pi.lib.uchicago.edu/1001/org/ochre/3b13a29c-4186-42ed-89cf-746c3337af8d,A12_22592.JPG
http://pi.lib.uchicago.edu/1001/org/ochre/a4f5b5a8-058b-401a-99f8-c8d5b97a2b0c,A12_22593.JPG
http://pi.lib.uchicago.edu/1001/org/ochre/b9e54531-d7c9-40d8-b8d4-f2354e0cd34f,A12_22594.JPG
http://pi.lib.uchicago.edu/1001/org/ochre/90bf156a-606e-41d6-adae-5ebbde38d7d0,A12_22595.JPG
http://pi.lib.uchicago.edu/1001/org/ochre/be0c4e05-3df3-4bab-8d6e-8ba2d46cf9ba,A12_22596.JPG
http://pi.lib.uchicago.edu/1001/org/ochre/13d719db-aee2-4324-981c-bc64e9f1756e,A12_22597.JPG
http://pi.lib.uchicago.edu/1001/org/ochre/0a8568e0-7cdf-449d-be09-0d8618d01c0e,A12_22598.JPG
http://pi.lib.uchicago.edu/1001/org/ochre/bfb97025-a8ec-4f6f-86a2-521107861f74,A12_22599.JPG
http://pi.lib.uchicago.edu/1001/org/ochre/b669e367-6176-40ee-921d-7b82c9f329af,A12_22600.JPG
http://pi.lib.uchicago.edu/1001/org/ochre/33cf7cb9-940c-4c0e-a21f-e00b6491f87e,A12_22601.JPG
http://pi.lib.uchicago.edu/1001/org/ochre/0989581e-83f7-4caa-bc18-91e4ad0c5007,A12_22602.JPG
http://pi.lib.uchicago.edu/1001/org/ochre/687e401b-4217-4537-97ec-23243bbee10a,A12_22603.JPG
http://pi.lib.uchicago.edu/1001/org/ochre/59e8f9a5-fdac-4162-a1e2-769477640e14,A12_22604.JPG
http://pi.lib.uchicago.edu/1001/org/ochre/b00f89a4-4082-432a-95c4-555dfdb0f4cd,A12_22605.JPG
http://pi.lib.uchicago.edu/1001/org/ochre/d90600b6-697a-4a09-b2c2-6ce9d8212272,A12_22606.JPG
http://pi.lib.uchicago.edu/1001/org/ochre/78c5c6dc-0534-483c-9cf3-cf5df9910ddf,A12_22607.JPG
http://pi.lib.uchicago.edu/1001/org/ochre/51f8919d-16c0-47c0-9687-def2ccb66a41,A12_22608.JPG
http://pi.lib.uchicago.edu/1001/org/ochre/09488db6-a69b-4d73-9608-ad6a058e62c9,A12_22609.JPG
http://pi.lib.uchicago.edu/1001/org/ochre/094ba5a2-0abc-4a4b-9d77-e941eb6145db,A12_22610.JPG
http://pi.lib.uchicago.edu/1001/org/ochre/23d8b9c2-94a8-48ff-a036-ab0fef674d67,A12_22611.JPG
http://pi.lib.uchicago.edu/1001/org/ochre/7fb37a3c-98df-4446-af18-26f58b906295,A12_22612.JPG
http://pi.lib.uchicago.edu/1001/org/ochre/dd3f68b0-493a-4655-a171-a837d2ca96e0,A12_22613.JPG
http://pi.lib.uchicago.edu/1001/org/ochre/81dc10aa-ea08-4b69-bf6a-0b4608737f57,A12_22614.JPG
http://pi.lib.uchicago.edu/1001/org/ochre/74b6a04c-c557-46c0-a19a-d824f7a82282,A12_22615.JPG
http://pi.lib.uchicago.edu/1001/org/ochre/333209de-cc2b-4409-9272-827a6ac9248e,A12_22616.JPG
http://pi.lib.uchicago.edu/1001/org/ochre/093cfe0a-5fe1-4bcf-9d57-d39be4e81a60,A12_22617.JPG
http://pi.lib.uchicago.edu/1001/org/ochre/9a83978a-b661-4725-96c9-4cf060b7453f,A12_22618.JPG
http://pi.lib.uchicago.edu/1001/org/ochre/4ebfd47d-adff-40b9-9498-0dd30b683169,A12_22619.JPG
http://pi.lib.uchicago.edu/1001/org/ochre/0bf52502-036b-4c5c-9870-d201ae905db8,A12_22620.JPG
http://pi.lib.uchicago.edu/1001/org/ochre/2b4a6317-a6bf-436f-ab74-6233f5bf8422,A12_22621.JPG
http://pi.lib.uchicago.edu/1001/org/ochre/b1bd555b-c74f-472f-96dd-9b294f6aef9d,A12_22622.JPG
http://pi.lib.uchicago.edu/1001/org/ochre/692e5dc9-f489-4e0c-8f70-04a0248aff4b,A12_22623.JPG
http://pi.lib.uchicago.edu/1001/org/ochre/7068b9b9-d73a-4a3b-b550-5fb7211e0f8b,A12_22624.JPG
http://pi.lib.uchicago.edu/1001/org/ochre/1c91408a-ec2b-4ff9-8cf7-2ca1c3e65f88,A12_22625.JPG
http://pi.lib.uchicago.edu/1001/org/ochre/68a4c82d-b33c-4166-a9ee-9c33035639a2,A12_22626.JPG
http://pi.lib.uchicago.edu/1001/org/ochre/72d2dd7a-07f1-4db0-a34f-827c5ca8fff1,A12_22627.JPG
http://pi.lib.uchicago.edu/1001/org/ochre/38854d48-08d9-46ae-88f8-3f60a51866f5,A12_22628.JPG
http://pi.lib.uchicago.edu/1001/org/ochre/3d6b8e15-b479-4e52-8bbe-ea7eb5c58939,A12_22629.JPG
http://pi.lib.uchicago.edu/1001/org/ochre/3e20a275-eb1f-41ac-b019-67043c476049,A12_22630.JPG
http://pi.lib.uchicago.edu/1001/org/ochre/bd2687ff-22a3-4120-95b1-729ed88aabb3,A12_22631.JPG
http://pi.lib.uchicago.edu/1001/org/ochre/15dcee4d-98b8-4b22-b123-119d799a4b45,A12_22632.JPG
http://pi.lib.uchicago.edu/1001/org/ochre/7e9b5278-46cb-4e9a-b883-4d41c01b1103,A12_22633.JPG
http://pi.lib.uchicago.edu/1001/org/ochre/5e5b032e-c27b-4762-8a07-6c4e11036405,A12_22634.JPG
http://pi.lib.uchicago.edu/1001/org/ochre/e7a0cb67-96b6-4957-918a-fa22a470e331,A12_22635.JPG
http://pi.lib.uchicago.edu/1001/org/ochre/b6875650-f076-4d73-9ef7-6c622bdd259b,A12_22636.JPG
http://pi.lib.uchicago.edu/1001/org/ochre/353d9803-372d-4bae-b303-3bdbc9cca34d,A12_22637.JPG
http://pi.lib.uchicago.edu/1001/org/ochre/538ff7a6-96bc-49d0-8b0a-4ac28abc1d3e,A12_22638.JPG
http://pi.lib.uchicago.edu/1001/org/ochre/4c5ec4a6-539a-44c0-8802-ca71f1031bb2,A12_22639.JPG
http://pi.lib.uchicago.edu/1001/org/ochre/0f022582-2a21-4d5f-896d-8e47c09d9823,A12_22640.JPG
http://pi.lib.uchicago.edu/1001/org/ochre/c4976b52-6118-4807-b853-327e2c755f51,A12_22641.JPG
http://pi.lib.uchicago.edu/1001/org/ochre/4c398a88-695b-4961-b30b-384ad88be617,A12_22642.JPG
http://pi.lib.uchicago.edu/1001/org/ochre/c09bf24c-85b4-43ea-bf38-80eb8af2bb0f,A12_22643.JPG
http://pi.lib.uchicago.edu/1001/org/ochre/fa081d82-ffdc-4d98-b7c2-e58f0db6d1ed,A12_22644.JPG
http://pi.lib.uchicago.edu/1001/org/ochre/8a830b30-5826-4b4a-a713-cc78efe0f0c7,A12_22645.JPG
http://pi.lib.uchicago.edu/1001/org/ochre/6cbe9b03-c4cb-44a3-8346-6b284ec28855,A12_22646.JPG
http://pi.lib.uchicago.edu/1001/org/ochre/a5101a70-8128-43ae-bb6c-4a913b21c492,A12_22647.JPG
http://pi.lib.uchicago.edu/1001/org/ochre/1fcb3824-ebb5-494d-9d2f-27e633cf075c,A12_22648.JPG
http://pi.lib.uchicago.edu/1001/org/ochre/17001a86-db25-4b87-8579-a769b0826b66,A12_22649.JPG
http://pi.lib.uchicago.edu/1001/org/ochre/2e283938-8df9-4e12-85c3-2e3620c14690,A12_22650.JPG
http://pi.lib.uchicago.edu/1001/org/ochre/356876fd-5656-4ac2-8b9a-7908d20baa6c,A12_22651.JPG
http://pi.lib.uchicago.edu/1001/org/ochre/e63fe25c-a9a4-4e63-9a80-9bea43b7a282,A12_22652.JPG
http://pi.lib.uchicago.edu/1001/org/ochre/59e6918b-ab04-4a13-9e16-7d48d6f58abc,A12_22653.JPG
http://pi.lib.uchicago.edu/1001/org/ochre/87c27808-ea9e-4f43-b421-b64784758e54,A12_22654.JPG
http://pi.lib.uchicago.edu/1001/org/ochre/01950d91-b944-46b4-b514-5fe4b14afe64,A12_22655.JPG
http://pi.lib.uchicago.edu/1001/org/ochre/98bad20a-89be-446e-ba42-ee1945671936,A12_22656.JPG
http://pi.lib.uchicago.edu/1001/org/ochre/fd0786b1-4eb1-4988-95a7-dac580d1ed2b,A12_22657.JPG
http://pi.lib.uchicago.edu/1001/org/ochre/d29beabc-f866-4e3b-a3e0-9f1bc9c5781c,A12_22658.JPG
http://pi.lib.uchicago.edu/1001/org/ochre/49a9822e-1294-4434-b2d2-fe8e2e386f96,A12_22659.JPG
http://pi.lib.uchicago.edu/1001/org/ochre/e915a934-8d3c-4759-87c4-d6482658a060,A12_22660.JPG
http://pi.lib.uchicago.edu/1001/org/ochre/9fec71e5-7f3f-44c4-bf96-fdf1a85e2e61,A12_22661.JPG
http://pi.lib.uchicago.edu/1001/org/ochre/3b6a8651-f4c4-4def-9822-cd172ecdea20,A12_22662.JPG
http://pi.lib.uchicago.edu/1001/org/ochre/ee051019-6fb9-4530-a31a-8cabdab8043f,A12_22663.JPG
http://pi.lib.uchicago.edu/1001/org/ochre/4de399e8-de71-40b8-a5f8-faa7c444d339,A12_22664.JPG
http://pi.lib.uchicago.edu/1001/org/ochre/a24c7208-ee3b-4cfb-ad55-844f2243fc9d,A12_22665.JPG
http://pi.lib.uchicago.edu/1001/org/ochre/4d354991-d5a2-4448-8777-1196550d78d7,A12_22666.JPG
http://pi.lib.uchicago.edu/1001/org/ochre/a0d0fb11-beda-4c55-b38d-65409f8f146c,A12_22667.JPG
http://pi.lib.uchicago.edu/1001/org/ochre/de72028e-797e-481c-b495-69db8aecd12f,A12_22668.JPG
http://pi.lib.uchicago.edu/1001/org/ochre/a3398f38-b283-4aae-a846-4ee5db5fa69e,A12_22669.JPG
http://pi.lib.uchicago.edu/1001/org/ochre/899706c8-cd13-4423-ad1a-f060f0d1883a,A12_22670.JPG
http://pi.lib.uchicago.edu/1001/org/ochre/b0b66025-2426-45e8-90bb-149f9d4e1b82,A12_22671.JPG
http://pi.lib.uchicago.edu/1001/org/ochre/3fabafe3-e523-433a-acd2-ca6c6ae09181,A12_22672.JPG
http://pi.lib.uchicago.edu/1001/org/ochre/cd9f62c4-d8f3-44b6-bd4b-338102449477,A12_22673.JPG
http://pi.lib.uchicago.edu/1001/org/ochre/c99da00e-7486-4f57-b497-c8e39545c74c,A12_22674.JPG
http://pi.lib.uchicago.edu/1001/org/ochre/a86e29bc-ab65-4dcb-b791-c0a04b344ea5,A12_22675.JPG
http://pi.lib.uchicago.edu/1001/org/ochre/ac2df342-2eed-42eb-8d5f-bb835fd7403e,A12_22676.JPG
http://pi.lib.uchicago.edu/1001/org/ochre/41afe829-1970-48ed-8150-436ec8a729da,A12_22677.JPG
http://pi.lib.uchicago.edu/1001/org/ochre/60b5378e-aaba-4754-8611-92e61dd66788,A12_22678.JPG
http://pi.lib.uchicago.edu/1001/org/ochre/318320e8-bb3b-4484-81c0-81d5d40937cc,A12_22679.JPG
http://pi.lib.uchicago.edu/1001/org/ochre/f558f94d-be8a-4f4f-8fd3-ef67454a3d49,A12_22680.JPG
http://pi.lib.uchicago.edu/1001/org/ochre/05013856-74c1-4050-9ecd-13e92e031e34,A12_22681.JPG
http://pi.lib.uchicago.edu/1001/org/ochre/5768c21a-5cf7-42cf-b2db-adc130a11e33,A12_22682.JPG
http://pi.lib.uchicago.edu/1001/org/ochre/6ddcfa11-825c-48bc-bb88-ecd21d0264d6,A12_22683.JPG
http://pi.lib.uchicago.edu/1001/org/ochre/154b8e5d-fe65-4349-9d93-efeccca49d13,A12_22684.JPG
http://pi.lib.uchicago.edu/1001/org/ochre/5c0ae241-35e2-49fc-bdca-dba46ecf7704,A12_22685.JPG
http://pi.lib.uchicago.edu/1001/org/ochre/4a27bcf1-c1a2-45ca-a60e-f920c8e49f0a,A12_22686.JPG
http://pi.lib.uchicago.edu/1001/org/ochre/6d15d848-82f4-4d3b-967b-df3b26660904,A12_22687.JPG
http://pi.lib.uchicago.edu/1001/org/ochre/59e0e7d3-2217-469e-a64b-8e1d2f68681c,A12_22688.JPG
http://pi.lib.uchicago.edu/1001/org/ochre/e78dd71a-4be1-4ff5-9148-54661e0f0fea,A12_22689.JPG
http://pi.lib.uchicago.edu/1001/org/ochre/9ddfcfa3-b9eb-46a8-bdd6-39c64ba5c5fe,A12_22690.JPG
http://pi.lib.uchicago.edu/1001/org/ochre/be7fa57f-7984-44b4-9266-8ae1c509606c,A12_22691.JPG
http://pi.lib.uchicago.edu/1001/org/ochre/1540657e-63b8-46de-8674-12fd73e40514,A12_22692.JPG
http://pi.lib.uchicago.edu/1001/org/ochre/199ba499-fe07-4481-8825-34b23193a333,A12_22693.JPG
http://pi.lib.uchicago.edu/1001/org/ochre/c05f69f9-9b92-4c3f-8d9e-ead695c83196,A12_22694.JPG
http://pi.lib.uchicago.edu/1001/org/ochre/276f97e4-276b-46d2-a31f-5ac0c5359554,A12_22695.JPG
http://pi.lib.uchicago.edu/1001/org/ochre/bea6be7c-8129-4046-a5bd-1a3d45b452e5,A12_22696.JPG
http://pi.lib.uchicago.edu/1001/org/ochre/ccf811dd-a647-460a-9903-38c25a6e0d17,A12_22697.JPG
http://pi.lib.uchicago.edu/1001/org/ochre/04780a6c-979d-4c04-9a10-f6d10f553446,A12_22698.JPG
http://pi.lib.uchicago.edu/1001/org/ochre/02533966-fb8a-43d5-945a-16cf78c17066,A12_22699.JPG
http://pi.lib.uchicago.edu/1001/org/ochre/c64ab40c-b437-4231-9d5f-55f96b787f64,A12_22700.JPG
http://pi.lib.uchicago.edu/1001/org/ochre/177b8e32-75d9-4736-a83e-37907bc5d0bb,A12_22701.JPG
http://pi.lib.uchicago.edu/1001/org/ochre/1f72ea1c-8df9-481c-981b-6ce5e606e298,A12_22702.JPG
http://pi.lib.uchicago.edu/1001/org/ochre/ec261b3e-5770-4f41-b17e-de4e6cb00597,A12_22703.JPG
http://pi.lib.uchicago.edu/1001/org/ochre/c9aa9647-98be-4574-a522-12f45edf116e,A12_22704.JPG
http://pi.lib.uchicago.edu/1001/org/ochre/976f5821-a4d2-4373-b4ca-600dde60b302,A12_22705.JPG
http://pi.lib.uchicago.edu/1001/org/ochre/27a9ab2a-6f66-4b89-b249-9245763d551a,A12_22706.JPG
http://pi.lib.uchicago.edu/1001/org/ochre/7bcbd63a-5f08-4356-a117-862dfca46503,A12_22707.JPG
http://pi.lib.uchicago.edu/1001/org/ochre/7480c9b9-4da5-4123-a71d-d8bb4e079f70,A12_22708.JPG
http://pi.lib.uchicago.edu/1001/org/ochre/5ee07621-b538-4e4e-9065-d35ccf5334a4,A12_22709.JPG
http://pi.lib.uchicago.edu/1001/org/ochre/e36afae1-8203-40ec-9dd2-bf82ead0db7b,A12_22710.JPG
http://pi.lib.uchicago.edu/1001/org/ochre/03a0d7dc-4ad1-40ca-95fe-aa51d4651e28,A12_22711.JPG
http://pi.lib.uchicago.edu/1001/org/ochre/b9b3f56e-1dd9-4cef-8172-b7d0cf760569,A12_22712.JPG
http://pi.lib.uchicago.edu/1001/org/ochre/93ad6df9-9252-45b0-b024-84ca9c5a23b5,A12_22713.JPG
http://pi.lib.uchicago.edu/1001/org/ochre/13c06dc2-b3d5-4bdd-b4e2-d403c6debc81,A12_22714.JPG
http://pi.lib.uchicago.edu/1001/org/ochre/26f96210-16f9-40ab-87ee-101e307d13ec,A12_22715.JPG
http://pi.lib.uchicago.edu/1001/org/ochre/ba0a39fc-589b-4b69-b841-f581cdce5d87,A12_22716.JPG
http://pi.lib.uchicago.edu/1001/org/ochre/40cf65ae-da07-4305-ab28-6bb45abee0d9,A12_22717.JPG
http://pi.lib.uchicago.edu/1001/org/ochre/c07e61bb-2750-4bce-99a0-5ec50143c265,A12_22718.JPG
http://pi.lib.uchicago.edu/1001/org/ochre/1e6d29a5-2493-40b1-85ea-b73304d9d2b2,A12_22719.JPG
http://pi.lib.uchicago.edu/1001/org/ochre/d3cded3e-e854-4558-8f2b-e1c5e6fa4464,A12_22720.JPG
http://pi.lib.uchicago.edu/1001/org/ochre/d74c0c58-0d3e-4a7d-b0aa-4cf1e6355f5a,A12_22721.JPG
http://pi.lib.uchicago.edu/1001/org/ochre/023dd903-5c7d-41bc-9217-1c71e3f5aa16,A12_22722.JPG
http://pi.lib.uchicago.edu/1001/org/ochre/8593d132-7a7c-4045-82c7-a8bb8bbaf23c,A12_22723.JPG
http://pi.lib.uchicago.edu/1001/org/ochre/e08b1162-830e-48a9-a615-43f45fa78b1f,A12_22724.JPG
http://pi.lib.uchicago.edu/1001/org/ochre/abaa17be-0e8a-4a11-b4ea-94a028cc1365,A12_22725.JPG
http://pi.lib.uchicago.edu/1001/org/ochre/63ac17eb-d6e6-4feb-b560-90cb02f31ae5,A12_22726.JPG
http://pi.lib.uchicago.edu/1001/org/ochre/7d7dcca9-5128-49a2-8417-a0bd32ae59d0,A12_22727.JPG
http://pi.lib.uchicago.edu/1001/org/ochre/02ae1455-c7b0-4d20-9b46-883e871b07e0,A12_22728.JPG
http://pi.lib.uchicago.edu/1001/org/ochre/5415b9e0-97ce-44b9-8ac5-48415f753fa4,A12_22729.JPG
http://pi.lib.uchicago.edu/1001/org/ochre/1efc0724-1716-4852-b78c-2c674e8aac6d,A12_22730.JPG
http://pi.lib.uchicago.edu/1001/org/ochre/58208443-b2d8-4e9d-b1aa-aa7673909a6a,A12_22731.JPG
http://pi.lib.uchicago.edu/1001/org/ochre/9a6066f9-b6f9-4b61-944c-b3d6a12b1c75,A12_22732.JPG
http://pi.lib.uchicago.edu/1001/org/ochre/47d33ab5-b9a4-466e-9de1-19c404b5c2e5,A12_22733.JPG
http://pi.lib.uchicago.edu/1001/org/ochre/f11334bb-c466-47ee-971d-267aca1bff4b,A12_22734.JPG
http://pi.lib.uchicago.edu/1001/org/ochre/d36a9523-d760-4435-8f1e-60f7b83c6751,A12_22735.JPG
http://pi.lib.uchicago.edu/1001/org/ochre/7d93328a-b4f6-44f0-92d2-33ce760d330e,A12_22736.JPG
http://pi.lib.uchicago.edu/1001/org/ochre/8c3e5495-20a1-45e9-b424-f27cf6bc4206,A12_22737.JPG
http://pi.lib.uchicago.edu/1001/org/ochre/8ed15080-bf9e-4126-abee-023ca5d17ea3,A12_22738.JPG
http://pi.lib.uchicago.edu/1001/org/ochre/7186143c-01a4-4fd7-ac93-61151f0d3f3c,A12_22739.JPG
http://pi.lib.uchicago.edu/1001/org/ochre/2f77e9fc-7e85-4651-bb0c-61f296aa8cec,A12_22740.JPG
http://pi.lib.uchicago.edu/1001/org/ochre/27e98d73-033b-4388-b714-a896af615674,A12_22741.JPG
http://pi.lib.uchicago.edu/1001/org/ochre/118cd259-f780-4181-b06b-1ef699320590,A12_22742.JPG
http://pi.lib.uchicago.edu/1001/org/ochre/74bd2b23-74dd-4e5a-a05f-0e4f835b34a0,A12_22743.JPG
http://pi.lib.uchicago.edu/1001/org/ochre/8a8ebb81-d8c4-466e-855f-46f4a5a16018,A12_22744.JPG
http://pi.lib.uchicago.edu/1001/org/ochre/66689f91-ba61-435c-8052-eebfe2284f7f,A12_22745.JPG
http://pi.lib.uchicago.edu/1001/org/ochre/2c8b1805-e7aa-4dc0-a0bc-2924a14d3306,A12_22746.JPG
http://pi.lib.uchicago.edu/1001/org/ochre/a16d0728-e6cd-4d02-9948-29e4465bec62,A12_22747.JPG
http://pi.lib.uchicago.edu/1001/org/ochre/edfa8783-3567-4429-87b2-8dec83ed62f3,A12_22748.JPG
http://pi.lib.uchicago.edu/1001/org/ochre/b46daf3a-f513-4937-adad-faad342bc476,A12_22749.JPG
http://pi.lib.uchicago.edu/1001/org/ochre/57face50-e969-417c-ba5a-b0d115831df0,A12_22750.JPG
http://pi.lib.uchicago.edu/1001/org/ochre/f4f398f0-e7cb-4dd7-8f25-8f7bc9dd49cd,A12_22751.JPG
http://pi.lib.uchicago.edu/1001/org/ochre/a07a48a9-abdb-4158-a0ed-7d2b1a40721e,A12_22752.JPG
http://pi.lib.uchicago.edu/1001/org/ochre/066bbfc6-4e69-44fd-82e1-66296a0ce396,A12_22753.JPG
http://pi.lib.uchicago.edu/1001/org/ochre/b4bba77b-9e29-4a19-bb6e-7fe669d70a70,A12_22754.JPG
http://pi.lib.uchicago.edu/1001/org/ochre/ff9d4f36-2b85-4c9c-a7e0-c1128b543211,A12_22755.JPG
http://pi.lib.uchicago.edu/1001/org/ochre/b968425b-ba89-4c16-9fe2-60ec829a3217,A12_22756.JPG
http://pi.lib.uchicago.edu/1001/org/ochre/6d0497ed-eb56-45b0-a80b-6f27f548432a,A12_22757.JPG
http://pi.lib.uchicago.edu/1001/org/ochre/1f14b1ee-70af-4f19-96b1-2796fab19001,A12_22758.JPG
http://pi.lib.uchicago.edu/1001/org/ochre/832fbb2b-b4fc-4de6-93be-6bcad4adcab4,A12_22759.JPG
http://pi.lib.uchicago.edu/1001/org/ochre/e46f14e6-6784-4d88-b266-b660a2abff00,A12_22760.JPG
http://pi.lib.uchicago.edu/1001/org/ochre/528288da-2b0b-48b4-a754-d78e6217c11f,A12_22761.JPG
http://pi.lib.uchicago.edu/1001/org/ochre/b3eaac5c-063e-4ebf-9676-29ebeb057e2f,A12_22762.JPG
http://pi.lib.uchicago.edu/1001/org/ochre/d1f7efb7-7497-4d5f-ae1a-9ed4c9c57ff7,A12_22763.JPG
http://pi.lib.uchicago.edu/1001/org/ochre/07a66f82-fb30-4bba-b494-0bc8ed6f564b,A12_22764.JPG
http://pi.lib.uchicago.edu/1001/org/ochre/7291b99d-9d3e-416b-9b51-86394ff3bd40,A12_22765.JPG
http://pi.lib.uchicago.edu/1001/org/ochre/96edf39d-64f5-49e6-b408-441bd58d89ec,A12_22766.JPG
http://pi.lib.uchicago.edu/1001/org/ochre/6632a4e2-3bf5-43e3-a3f6-9ebefa782692,A12_22767.JPG
http://pi.lib.uchicago.edu/1001/org/ochre/02500ed2-d527-493e-a5ff-4921223b3c79,A12_22768.JPG
http://pi.lib.uchicago.edu/1001/org/ochre/c8e41c45-de13-4553-bac7-ec3fa4c3785e,A12_22769.JPG
http://pi.lib.uchicago.edu/1001/org/ochre/2d4e3486-5c21-4a94-9c70-3def65f4162b,A12_22770.JPG
http://pi.lib.uchicago.edu/1001/org/ochre/7d8eb229-1e6f-4bcd-9fb7-c7068a127e43,A12_22771.JPG
http://pi.lib.uchicago.edu/1001/org/ochre/41c75085-f75e-4e45-b1a9-d90c02acfd2a,A12_22772.JPG
http://pi.lib.uchicago.edu/1001/org/ochre/85a6f06a-5cfb-4bd4-9cc1-029da71a68f7,A12_22773.JPG
http://pi.lib.uchicago.edu/1001/org/ochre/317010ef-3a0e-4b6f-a155-f7f0935b9f05,A12_22774.JPG
http://pi.lib.uchicago.edu/1001/org/ochre/90250945-0694-4b78-a3dc-060785b78e9c,A12_22775.JPG
http://pi.lib.uchicago.edu/1001/org/ochre/02ecb097-be14-46d1-9cee-755760365f18,A12_22776.JPG
http://pi.lib.uchicago.edu/1001/org/ochre/78692bfb-0108-4b16-bf32-52845ff04e93,A12_22777.JPG
http://pi.lib.uchicago.edu/1001/org/ochre/3f5494e1-7ee5-4d3e-9783-f05652cfc5c3,A12_22778.JPG
http://pi.lib.uchicago.edu/1001/org/ochre/6f3d164f-a533-442c-8bcc-eca9c8c5d5c9,A12_22779.JPG
http://pi.lib.uchicago.edu/1001/org/ochre/4d6cf6ad-d708-407f-bcea-66d86639d47a,A12_22780.JPG
http://pi.lib.uchicago.edu/1001/org/ochre/54070f0c-c7af-43dd-962b-e2b1d8036e37,A12_22781.JPG
http://pi.lib.uchicago.edu/1001/org/ochre/5cb2714c-e59b-4b1a-97be-d13221e3f433,A12_22782.JPG
http://pi.lib.uchicago.edu/1001/org/ochre/2725af37-ca00-4e03-b527-03d6642e6360,A12_22783.JPG
http://pi.lib.uchicago.edu/1001/org/ochre/6b3ee2e6-d1e1-4ba7-85c9-6c94d6c1683c,A12_22784.JPG
http://pi.lib.uchicago.edu/1001/org/ochre/3917fe5f-ac3a-416f-baf2-862c2af025bb,A12_22785.JPG
http://pi.lib.uchicago.edu/1001/org/ochre/6e48e0cc-7dee-4132-b95a-c6350eabcb4c,A12_22786.JPG
http://pi.lib.uchicago.edu/1001/org/ochre/cd430ac6-0e3c-4c3a-9363-83509e84a824,A12_22787.JPG
http://pi.lib.uchicago.edu/1001/org/ochre/b2138970-5960-46dd-abef-8c8bf8dade24,A12_22788.JPG
http://pi.lib.uchicago.edu/1001/org/ochre/1adb9514-783a-4bda-9ec5-0beb490892d1,A12_22789.JPG
http://pi.lib.uchicago.edu/1001/org/ochre/21882425-e37c-49b6-9a11-c68a7bc59968,A12_22790.JPG
http://pi.lib.uchicago.edu/1001/org/ochre/25752083-61fb-4ba3-a172-b9dde377e37b,A12_22791.JPG
http://pi.lib.uchicago.edu/1001/org/ochre/71e8cb66-b1cb-4f24-aa91-a8ef65fc81b4,A12_22792.JPG
http://pi.lib.uchicago.edu/1001/org/ochre/e39df940-8fd5-4156-9880-b34457d67674,A12_22793.JPG
http://pi.lib.uchicago.edu/1001/org/ochre/819952b9-8b35-4efa-9135-0e9b0993c64e,A12_22794.JPG
http://pi.lib.uchicago.edu/1001/org/ochre/09082f28-fc5f-45a2-a795-a5d536905978,A12_22795.JPG
http://pi.lib.uchicago.edu/1001/org/ochre/b3fc3216-dbec-422f-a98c-c85754bb28b7,A12_22796.JPG
http://pi.lib.uchicago.edu/1001/org/ochre/689bf6e2-59ab-4228-ba40-ab7de2b4111f,A12_22797.JPG
http://pi.lib.uchicago.edu/1001/org/ochre/04742d03-f5c3-4971-ad73-ed5e016737ee,A12_22798.JPG
http://pi.lib.uchicago.edu/1001/org/ochre/77cbd00a-b1da-40a8-b8fa-57b5b2bd7d99,A12_22799.JPG
http://pi.lib.uchicago.edu/1001/org/ochre/0d317889-b9df-4752-92ba-0c5091b5b0c3,A12_22800.JPG
http://pi.lib.uchicago.edu/1001/org/ochre/a5a682da-66a6-46d1-9aa4-a989473c7524,A12_22801.JPG
http://pi.lib.uchicago.edu/1001/org/ochre/0e3b392b-3828-4e8b-ae5e-c58f718a0772,A12_22802.JPG
http://pi.lib.uchicago.edu/1001/org/ochre/d033a8b0-7ef9-49e4-954b-761176b0cfd5,A12_22803.JPG
http://pi.lib.uchicago.edu/1001/org/ochre/76f22154-f915-4d09-8a9c-03895a997223,A12_22804.JPG
http://pi.lib.uchicago.edu/1001/org/ochre/e23d652c-c5b5-4c75-8808-d31007d09bee,A12_22805.JPG
http://pi.lib.uchicago.edu/1001/org/ochre/40f515bb-b0b9-45ea-954a-37d7cd178c16,A12_22806.JPG
http://pi.lib.uchicago.edu/1001/org/ochre/0568c3ae-157b-4079-9090-ac5984dd3942,A12_22807.JPG
http://pi.lib.uchicago.edu/1001/org/ochre/d09e5ca0-3d9f-4257-87da-5b849720b0c0,A12_22808.JPG
http://pi.lib.uchicago.edu/1001/org/ochre/dd230664-3565-4b19-9628-1a1239fd9e81,A12_22809.JPG
http://pi.lib.uchicago.edu/1001/org/ochre/ed67c753-17e8-4314-bfe6-b85b662565f6,A12_22810.JPG
http://pi.lib.uchicago.edu/1001/org/ochre/b4bb386a-fa02-43bf-9119-da733030cfde,A12_22811.JPG
http://pi.lib.uchicago.edu/1001/org/ochre/5c7a8203-e11f-48dc-ada4-59e16f3ca500,A12_22812.JPG
http://pi.lib.uchicago.edu/1001/org/ochre/b19f7b4b-8a26-4d86-b816-51a354c6152f,A12_22813.JPG
http://pi.lib.uchicago.edu/1001/org/ochre/355f7c52-252c-4585-afde-7e2ef3e3b8a6,A12_22814.JPG
http://pi.lib.uchicago.edu/1001/org/ochre/22c2b55f-762e-4343-9ec0-19f687962a62,A12_22815.JPG
http://pi.lib.uchicago.edu/1001/org/ochre/26e29a7a-8d8f-4d8c-ba12-3289e5db038b,A12_22816.JPG
http://pi.lib.uchicago.edu/1001/org/ochre/b8e79975-d3fc-40ca-86af-9cd1d04b9e47,A12_22817.JPG
http://pi.lib.uchicago.edu/1001/org/ochre/0f47553b-2a6b-4a8b-9372-4401bd8ee55a,A12_22818.JPG
http://pi.lib.uchicago.edu/1001/org/ochre/4e71144e-0651-4946-ba4c-e97819b51c69,A12_22819.JPG
http://pi.lib.uchicago.edu/1001/org/ochre/d451324b-eb23-4970-861b-eb22a92551fe,A12_22820.JPG
http://pi.lib.uchicago.edu/1001/org/ochre/7d7e5167-97b3-48dd-a17c-1aa1cf786690,A12_22821.JPG
http://pi.lib.uchicago.edu/1001/org/ochre/f4d6a4af-0829-493d-9979-a29b982df590,A12_22822.JPG
http://pi.lib.uchicago.edu/1001/org/ochre/c715d3c4-c9fb-4021-808d-4a96edbcfe47,A12_22823.JPG
http://pi.lib.uchicago.edu/1001/org/ochre/61bd759a-c0a3-444c-9812-cb271847a159,A12_22824.JPG
http://pi.lib.uchicago.edu/1001/org/ochre/92915ca9-a9a9-4bfd-aadf-4e367bdd9b09,A12_22825.JPG
http://pi.lib.uchicago.edu/1001/org/ochre/e482b608-93e6-4e48-bd0a-0988dd9af4ec,A12_22826.JPG
http://pi.lib.uchicago.edu/1001/org/ochre/d37a4e88-6778-4be3-b276-cdc697d73fc2,A12_22827.JPG
http://pi.lib.uchicago.edu/1001/org/ochre/54ae2348-d080-421b-8873-8970da098e6e,A12_22822.JPG
http://pi.lib.uchicago.edu/1001/org/ochre/e4d271ce-be2c-4bd0-8479-de46fb838851,A12_22829.JPG
http://pi.lib.uchicago.edu/1001/org/ochre/f8bdb0c0-7f04-4db7-9c0d-13f32a7232ce,A12_22830.JPG
http://pi.lib.uchicago.edu/1001/org/ochre/bd9cd5e9-e655-4653-b9fb-25d9faa690c7,A12_22831.JPG
http://pi.lib.uchicago.edu/1001/org/ochre/78c3a0a2-df61-4b5a-a0ed-c2b6c7a1505e,A12_22832.JPG
http://pi.lib.uchicago.edu/1001/org/ochre/498e10f6-61d8-4d2b-91c7-4f807edd6688,A12_22833.JPG
http://pi.lib.uchicago.edu/1001/org/ochre/d29e1f8e-e946-47f8-acb3-c8bae303f109,A12_22834.JPG
http://pi.lib.uchicago.edu/1001/org/ochre/333c2493-8eab-4e59-88b5-3c83c1cee495,A12_22835.JPG
http://pi.lib.uchicago.edu/1001/org/ochre/2f5dbec2-39fe-4726-910b-59b61f5fd5c6,A12_22836.JPG
http://pi.lib.uchicago.edu/1001/org/ochre/3eebe4fb-8723-4b4b-8a5d-20af99d15110,A12_22837.JPG
http://pi.lib.uchicago.edu/1001/org/ochre/f9e253ab-005b-4d55-8125-204a84753f59,A12_22838.JPG
http://pi.lib.uchicago.edu/1001/org/ochre/ebbd2e33-fcf3-4e20-a1e2-fecac92bd13e,A12_22839.JPG
http://pi.lib.uchicago.edu/1001/org/ochre/7bc3c86a-8f9c-4a92-808b-7b20294a7061,A12_22840.JPG
http://pi.lib.uchicago.edu/1001/org/ochre/785cd50b-e176-4251-bfbe-f4c62fae4d07,A12_22841.JPG
http://pi.lib.uchicago.edu/1001/org/ochre/fceb3b5f-a67d-422c-aaf9-d2b8841c96e0,A12_22842.JPG
http://pi.lib.uchicago.edu/1001/org/ochre/923aceb2-63e6-4b82-a776-723801982e7d,A12_22843.JPG
http://pi.lib.uchicago.edu/1001/org/ochre/b9a07c50-b05a-48d6-b21b-963e6a123a32,A12_22844.JPG
http://pi.lib.uchicago.edu/1001/org/ochre/8629f473-f3f8-4d32-bab3-6537e7b3ae9e,A12_22845.JPG
http://pi.lib.uchicago.edu/1001/org/ochre/3ec0f711-be62-429a-abb3-777efa459385,A12_22846.JPG
http://pi.lib.uchicago.edu/1001/org/ochre/fe9d2762-090b-4e0d-8688-8bef2256f01d,A12_22847.JPG
http://pi.lib.uchicago.edu/1001/org/ochre/25103e1c-e3f5-4127-897e-e09e66637009,A12_22848.JPG
http://pi.lib.uchicago.edu/1001/org/ochre/87a8b11b-bced-4099-8236-24fe311089b9,A12_22849.JPG
http://pi.lib.uchicago.edu/1001/org/ochre/2edaa685-f910-4af8-9499-a6f7934497ca,A12_22850.JPG
http://pi.lib.uchicago.edu/1001/org/ochre/d2b3a9b6-e8a4-4382-87af-5e2f3462ff92,A12_22851.JPG
http://pi.lib.uchicago.edu/1001/org/ochre/e3900b3a-806b-4530-a328-328e818439b9,A12_22852.JPG
http://pi.lib.uchicago.edu/1001/org/ochre/d2adff88-1807-4e9e-9452-d4ef6e79d9ee,A12_22853.JPG
http://pi.lib.uchicago.edu/1001/org/ochre/79d0be63-11f5-48a9-8464-73405297fb14,A12_22854.JPG
http://pi.lib.uchicago.edu/1001/org/ochre/af4be3e9-6d86-4b35-9557-8cca10aba6f2,A12_22855.JPG
http://pi.lib.uchicago.edu/1001/org/ochre/1fed7a80-f137-4385-818e-02a8ac99f624,A12_22856.JPG
http://pi.lib.uchicago.edu/1001/org/ochre/bc94e638-cb8a-497b-aaff-0b493a0a89e9,A12_22857.JPG
http://pi.lib.uchicago.edu/1001/org/ochre/dd0f8a6a-0a6f-4ae0-9c9d-a684c9828cc1,A12_22858.JPG
http://pi.lib.uchicago.edu/1001/org/ochre/fd1d062f-70e4-4a98-8f08-d7a636ff4685,A12_22859.JPG
http://pi.lib.uchicago.edu/1001/org/ochre/5158c7ef-bc07-463a-bbd4-57f4f6bd99de,A12_22860.JPG
http://pi.lib.uchicago.edu/1001/org/ochre/62fc1835-281b-4d9a-ac72-8db99a1a5a01,A12_22861.JPG
http://pi.lib.uchicago.edu/1001/org/ochre/e1e7de8a-33fd-4be0-a059-912d2b8a6c43,A12_22862.JPG
http://pi.lib.uchicago.edu/1001/org/ochre/89bbe478-c9f8-4fe1-9a9d-81c9a575c577,A12_22863.JPG
http://pi.lib.uchicago.edu/1001/org/ochre/2c18c84d-a19f-41b0-a555-aefc338f0fc6,A12_22864.JPG
http://pi.lib.uchicago.edu/1001/org/ochre/b81ec681-a70a-46d0-9740-07d1d69fe0cd,A12_22865.JPG
http://pi.lib.uchicago.edu/1001/org/ochre/04efac2e-79b8-45be-832a-4195c3ed9259,A12_22866.JPG
http://pi.lib.uchicago.edu/1001/org/ochre/da295bcc-6bf8-4b27-844b-1595fa89b8cb,A12_22867.JPG
http://pi.lib.uchicago.edu/1001/org/ochre/1e07dd40-b76d-4bfb-a3e6-3f1f9a3043cb,A12_22868.JPG
http://pi.lib.uchicago.edu/1001/org/ochre/9ff5d492-1fbb-42e4-a6cf-ad22a05a14c3,A12_22869.JPG
http://pi.lib.uchicago.edu/1001/org/ochre/0aadb53b-8cb0-4ecc-be9b-2c9c660811cf,A12_22870.JPG
http://pi.lib.uchicago.edu/1001/org/ochre/b3baa2b3-6098-4784-add0-72edf371c136,A12_22871.JPG
http://pi.lib.uchicago.edu/1001/org/ochre/333d2e60-7b1f-41a6-a597-903341bcd9e4,A12_22872.JPG
http://pi.lib.uchicago.edu/1001/org/ochre/5553e2f5-b201-4edb-a462-3d6934de0a86,A12_22873.JPG
http://pi.lib.uchicago.edu/1001/org/ochre/8e4739b4-1686-4752-bb63-12adac1446cf,A12_22874.JPG
http://pi.lib.uchicago.edu/1001/org/ochre/dd728505-ff03-470d-bc8b-cf48bded19db,A12_22875.JPG
http://pi.lib.uchicago.edu/1001/org/ochre/6684b8e2-2a69-4deb-b3f7-9e37f4f7dd5d,A12_22876.JPG
http://pi.lib.uchicago.edu/1001/org/ochre/fbc0c39b-9088-418a-aa37-0d79621d83c4,A12_22877.JPG
http://pi.lib.uchicago.edu/1001/org/ochre/c37d10e2-bc1a-4c88-b7c5-57ff7cc245da,A12_22878.JPG
http://pi.lib.uchicago.edu/1001/org/ochre/dbff34f8-010e-41fe-ba73-ffa8d31ef18c,A12_22879.JPG
http://pi.lib.uchicago.edu/1001/org/ochre/e46b8360-d226-441b-8ac7-ab54c42b886c,A12_22880.JPG
http://pi.lib.uchicago.edu/1001/org/ochre/471932ce-36ef-4c75-a291-73783c068598,A12_22881.JPG
http://pi.lib.uchicago.edu/1001/org/ochre/5f7ba721-7ab5-47a9-93de-1e4b8b2f581f,A12_22882.JPG
http://pi.lib.uchicago.edu/1001/org/ochre/84b26474-f2e5-4388-8731-ee38c29ec5cc,A12_22883.JPG
http://pi.lib.uchicago.edu/1001/org/ochre/52aa7c23-c4a6-43df-a736-e82853424955,A12_22884.JPG
http://pi.lib.uchicago.edu/1001/org/ochre/973b4b67-6847-4292-8183-85b422422319,A12_22885.JPG
http://pi.lib.uchicago.edu/1001/org/ochre/0fb24ecc-b79a-40dd-8713-4c6e8ec8f8ed,A12_22886.JPG
http://pi.lib.uchicago.edu/1001/org/ochre/ce9b1769-3c91-4d2a-ac76-5e22c7f9936a,A12_22887.JPG
http://pi.lib.uchicago.edu/1001/org/ochre/3da80084-9db9-441b-a0dd-556be6a7e0b0,A12_22888.JPG
http://pi.lib.uchicago.edu/1001/org/ochre/07fd4e90-55e6-4ff6-9f64-a860e5c0b951,A12_22889.JPG
http://pi.lib.uchicago.edu/1001/org/ochre/388b6e18-5e7f-4ce4-9d73-8c2867a470f5,A12_22890.JPG
http://pi.lib.uchicago.edu/1001/org/ochre/6a76f656-7c79-4835-bf89-bfcf946b7741,A12_22891.JPG
http://pi.lib.uchicago.edu/1001/org/ochre/c01a7a8c-cf22-4072-a63b-1984b2424713,A12_22892.JPG
http://pi.lib.uchicago.edu/1001/org/ochre/6baec93c-6e80-4c33-adb2-753d410a8595,A12_22893.JPG
http://pi.lib.uchicago.edu/1001/org/ochre/2a0760b4-ec3e-4658-be5a-47fc74b6a7b3,A12_22894.JPG
http://pi.lib.uchicago.edu/1001/org/ochre/75358f6d-aebc-4ff8-9b9d-66bdf07713f3,A12_22895.JPG
http://pi.lib.uchicago.edu/1001/org/ochre/0877ca92-6222-48e3-b440-caefcb4dd0ad,A12_22896.JPG
http://pi.lib.uchicago.edu/1001/org/ochre/c82e7d6d-aa29-4845-8eb1-2b19be254321,A12_22897.JPG
http://pi.lib.uchicago.edu/1001/org/ochre/149d754b-ac4f-4348-998b-4199bc3dbb9a,A12_22898.JPG
http://pi.lib.uchicago.edu/1001/org/ochre/25f6d454-158d-4c13-89a4-b5a876ebbe4f,A12_22899.JPG
http://pi.lib.uchicago.edu/1001/org/ochre/5f8a6885-5786-4e21-b4e8-ad10b2b866ce,A12_22900.JPG
http://pi.lib.uchicago.edu/1001/org/ochre/32fccd7d-796f-4c30-a351-9c99b915ebfc,A12_22901.JPG
http://pi.lib.uchicago.edu/1001/org/ochre/baaebe7e-ff06-40e4-be69-49814f9ad7c6,A12_22902.JPG
http://pi.lib.uchicago.edu/1001/org/ochre/0916b2e7-6865-48b8-9a1c-9f4e6e0f3e93,A12_22903.JPG
http://pi.lib.uchicago.edu/1001/org/ochre/caedf37f-a982-4893-a428-c9264b542eb6,A12_22904.JPG
http://pi.lib.uchicago.edu/1001/org/ochre/0a8c0c17-7f5c-4829-9c23-81ca52b6bc23,A12_22905.JPG
http://pi.lib.uchicago.edu/1001/org/ochre/63c69619-14bb-4952-acd3-14b868632d63,A12_22906.JPG
http://pi.lib.uchicago.edu/1001/org/ochre/3304dda6-c115-41bb-a458-415fa3295e75,A12_22862.JPG
http://pi.lib.uchicago.edu/1001/org/ochre/01ce2454-0071-4489-85b7-f8e420cb302f,A12_22862.JPG
http://pi.lib.uchicago.edu/1001/org/ochre/53031906-598b-47df-b6df-02a89b707aa1,A12_23897.JPG
http://pi.lib.uchicago.edu/1001/org/ochre/8cd2530c-1a2e-4648-8137-700b76f9b1d8,A12_23898.JPG
http://pi.lib.uchicago.edu/1001/org/ochre/da473231-7d3d-4e6e-9d87-e90ac146d554,A12_23899.JPG
http://pi.lib.uchicago.edu/1001/org/ochre/084d6e81-b744-45d8-8ba1-347377c1c9b3,A12_23900.JPG
http://pi.lib.uchicago.edu/1001/org/ochre/16465018-de34-4170-8752-e0d08ebc202f,A12_23901.JPG
http://pi.lib.uchicago.edu/1001/org/ochre/0db37994-729d-4694-b505-7550aeda1e85,A12_23902.JPG
http://pi.lib.uchicago.edu/1001/org/ochre/b8ac2c1e-f53f-47a7-b74b-f677bacb185d,A12_23903.JPG
http://pi.lib.uchicago.edu/1001/org/ochre/88335999-6252-4f35-99bd-d95c430da0e4,A12_23904.JPG
http://pi.lib.uchicago.edu/1001/org/ochre/0760fdb9-c405-4322-a5cb-3c7fe9789c06,A12_23905.JPG
http://pi.lib.uchicago.edu/1001/org/ochre/dcd180e4-56ab-4f33-b712-1365f8b31e88,A12_23906.JPG
http://pi.lib.uchicago.edu/1001/org/ochre/33188905-b101-41bc-a063-799b5b0e7138,A12_23907.JPG
http://pi.lib.uchicago.edu/1001/org/ochre/40259bf2-6199-41aa-97cb-a5b905753eb2,A13_23908.JPG
http://pi.lib.uchicago.edu/1001/org/ochre/72774cb5-7857-460a-a033-2cb736c7d953,A13_23909.JPG
http://pi.lib.uchicago.edu/1001/org/ochre/862924e9-44ee-4d8c-947f-39b7b6d75d1f,A13_23910.JPG